channel	condition	OR	p	q	n_studies	grade
SYN_K2	ACVD	0.504	0.0	0.0	1	MECCANISMO
RIBOFLAVIN	ACVD	0.358	0.0	0.0	1	MECCANISMO
SACCHAROLYTIC	ACVD	0.362	0.0	0.0	1	MECCANISMO
GABA	ACVD	0.644	0.0013	0.0069	1	MECCANISMO
BA_secondary	ACVD	1.708	0.0015	0.0069	1	MECCANISMO
UREM_pcresol	ACVD	1.623	0.0028	0.0107333333333333	1	MECCANISMO
LACTATE	ACVD	1.505	0.0131	0.0430428571428571	1	MECCANISMO
PROT_stickland	ACVD	1.421	0.0211	0.0606625	1	MECCANISMO
MUC	ACVD	0.754	0.0385	0.0983888888888888	1	MECCANISMO
TRP_indole	ACVD	0.749	0.0805	0.1542916666666667	1	DEBOLE
TMA	ACVD	1.376	0.0763	0.1542916666666667	1	DEBOLE
NAD	ACVD	0.755	0.0718	0.1542916666666667	1	DEBOLE
POLYAMINES	ACVD	0.789	0.1341	0.2372538461538461	1	DEBOLE
ENG	ACVD	0.772	0.1614	0.2651571428571428	1	DEBOLE
HIS	ACVD	1.138	0.3508	0.5378933333333333	1	DEBOLE
SYN_B12	ACVD	1.121	0.4358	0.6264625	1	DEBOLE
BA_deconj	ACVD	1.091	0.5371	0.7154149999999999	1	DEBOLE
UREM_tyramine	ACVD	1.09	0.5793	0.7154149999999999	1	DEBOLE
H2S_net	ACVD	0.933	0.6221	0.7154149999999999	1	DEBOLE
LPS_hexaacyl	ACVD	1.099	0.5961	0.7154149999999999	1	DEBOLE
PRP	ACVD	0.956	0.7396	0.7396	1	DEBOLE
FOLATE	ACVD	0.953	0.7189	0.7396	1	DEBOLE
ETU	ACVD	0.937	0.7148	0.7396	1	DEBOLE
TRP_indole	CD	0.673	0.0	0.0	3	FORTE
ETU	CD	1.923	0.0	0.0	3	FORTE
SACCHAROLYTIC	CD	0.641	0.0003	0.0023	3	FORTE
TMA	CD	2.816	0.0019	0.010925	3	FORTE
LPS_hexaacyl	CD	1.716	0.0044	0.02024	3	FORTE
PRP	CD	0.652	0.0157	0.0601833333333333	3	ASSOCIAZIONE
PROT_stickland	CD	1.679	0.0782	0.224825	3	DEBOLE
NAD	CD	0.538	0.0752	0.224825	3	DEBOLE
UREM_pcresol	CD	2.833	0.1007	0.2573444444444444	3	DEBOLE
POLYAMINES	CD	1.582	0.1339	0.2799727272727272	3	DEBOLE
BA_secondary	CD	1.482	0.128	0.2799727272727272	3	DEBOLE
HIS	CD	1.53	0.1723	0.3302416666666667	3	DEBOLE
ENG	CD	1.515	0.3355	0.5144333333333334	3	DEBOLE
LACTATE	CD	2.053	0.3258	0.5144333333333334	3	DEBOLE
UREM_tyramine	CD	0.208	0.2963	0.5144333333333334	3	DEBOLE
MUC	CD	1.354	0.4746	0.6822375	3	DEBOLE
RIBOFLAVIN	CD	1.278	0.5338	0.7222000000000001	3	DEBOLE
SYN_B12	CD	1.48	0.6226	0.7955444444444444	3	DEBOLE
GABA	CD	1.194	0.7531	0.8248238095238096	3	DEBOLE
BA_deconj	CD	1.239	0.6973	0.8248238095238096	3	DEBOLE
SYN_K2	CD	1.264	0.7211	0.8248238095238096	3	DEBOLE
FOLATE	CD	1.055	0.8747	0.9144590909090908	3	DEBOLE
H2S_net	CD	0.983	0.9636	0.9636	3	DEBOLE
TRP_indole	CRC	1.436	0.0	0.0	11	FORTE
PRP	CRC	1.646	0.0	0.0	11	FORTE
PROT_stickland	CRC	1.231	0.001	0.0073333333333333	11	FORTE
LACTATE	CRC	0.707	0.0023	0.01265	11	FORTE
SYN_K2	CRC	1.292	0.0044	0.01936	11	FORTE
TMA	CRC	1.269	0.0072	0.0264	11	FORTE
GABA	CRC	1.255	0.0095	0.0298571428571428	11	FORTE
ETU	CRC	1.173	0.0249	0.068475	11	ASSOCIAZIONE
H2S_net	CRC	1.187	0.0484	0.1183111111111111	11	DEBOLE
ENG	CRC	1.248	0.0709	0.1338615384615384	11	DEBOLE
HIS	CRC	1.135	0.0781	0.1338615384615384	11	DEBOLE
UREM_tyramine	CRC	1.145	0.0745	0.1338615384615384	11	DEBOLE
MUC	CRC	1.198	0.0791	0.1338615384615384	11	DEBOLE
SACCHAROLYTIC	CRC	0.896	0.1124	0.1766285714285714	11	DEBOLE
LPS_hexaacyl	CRC	0.908	0.2343	0.34364	11	DEBOLE
BA_deconj	CRC	0.942	0.339	0.4387058823529412	11	DEBOLE
SYN_B12	CRC	0.938	0.3278	0.4387058823529412	11	DEBOLE
NAD	CRC	0.944	0.5536	0.6766222222222222	11	DEBOLE
UREM_pcresol	CRC	1.03	0.8042	0.9311789473684212	11	DEBOLE
RIBOFLAVIN	CRC	1.018	0.8473	0.93203	11	DEBOLE
POLYAMINES	CRC	0.997	0.9632	0.9632	11	DEBOLE
FOLATE	CRC	0.996	0.9524	0.9632	11	DEBOLE
BA_secondary	CRC				11	DEBOLE
TRP_indole	IBD	0.638	0.0	0.0	3	FORTE
ETU	IBD	1.687	0.0	0.0	3	FORTE
LPS_hexaacyl	IBD	1.668	0.0	0.0	3	FORTE
PROT_stickland	IBD	1.337	0.0001	0.000575	3	FORTE
TMA	IBD	2.282	0.0002	0.0009199999999999	3	FORTE
MUC	IBD	0.827	0.026	0.0996666666666666	3	ASSOCIAZIONE
POLYAMINES	IBD	1.505	0.0396	0.1301142857142857	3	DEBOLE
GABA	IBD	0.648	0.051	0.1303333333333333	3	DEBOLE
NAD	IBD	0.48	0.0458	0.1303333333333333	3	DEBOLE
UREM_pcresol	IBD	1.241	0.1039	0.23897	3	DEBOLE
SYN_B12	IBD	0.668	0.1422	0.2973272727272727	3	DEBOLE
SACCHAROLYTIC	IBD	0.72	0.213	0.40825	3	DEBOLE
RIBOFLAVIN	IBD	0.74	0.2585	0.4573461538461538	3	DEBOLE
HIS	IBD	1.297	0.3212	0.4925066666666667	3	DEBOLE
BA_deconj	IBD	0.813	0.3004	0.4925066666666667	3	DEBOLE
UREM_tyramine	IBD	0.835	0.3679	0.52885625	3	DEBOLE
PRP	IBD	0.773	0.4265	0.5480052631578948	3	DEBOLE
BA_secondary	IBD	1.139	0.4527	0.5480052631578948	3	DEBOLE
H2S_net	IBD	0.86	0.4292	0.5480052631578948	3	DEBOLE
ENG	IBD	1.348	0.5225	0.6008749999999999	3	DEBOLE
FOLATE	IBD	0.861	0.5871	0.6430142857142858	3	DEBOLE
LACTATE	IBD	0.924	0.6844	0.7041	3	DEBOLE
SYN_K2	IBD	0.926	0.7041	0.7041	3	DEBOLE
ETU	IGT	1.242	0.0043	0.0989	3	ASSOCIAZIONE
FOLATE	IGT	1.186	0.0226	0.2598999999999999	3	DEBOLE
ENG	IGT	1.43	0.3235	0.6879090909090909	3	DEBOLE
GABA	IGT	0.761	0.2111	0.6879090909090909	3	DEBOLE
TRP_indole	IGT	0.752	0.2728	0.6879090909090909	3	DEBOLE
POLYAMINES	IGT	1.104	0.1966	0.6879090909090909	3	DEBOLE
UREM_pcresol	IGT	1.118	0.2846	0.6879090909090909	3	DEBOLE
SYN_B12	IGT	0.729	0.329	0.6879090909090909	3	DEBOLE
MUC	IGT	0.693	0.3142	0.6879090909090909	3	DEBOLE
LPS_hexaacyl	IGT	1.151	0.2909	0.6879090909090909	3	DEBOLE
NAD	IGT	0.876	0.0918	0.6879090909090909	3	DEBOLE
PROT_stickland	IGT	0.891	0.3704	0.6933733333333334	3	DEBOLE
SYN_K2	IGT	0.834	0.4522	0.6933733333333334	3	DEBOLE
RIBOFLAVIN	IGT	0.822	0.4211	0.6933733333333334	3	DEBOLE
SACCHAROLYTIC	IGT	0.861	0.4486	0.6933733333333334	3	DEBOLE
LACTATE	IGT	0.922	0.5979	0.7665388888888888	3	DEBOLE
BA_deconj	IGT	0.779	0.5547	0.7665388888888888	3	DEBOLE
UREM_tyramine	IGT	0.963	0.5999	0.7665388888888888	3	DEBOLE
HIS	IGT	1.088	0.7317	0.8857421052631579	3	DEBOLE
PRP	IGT	0.968	0.7844	0.90206	3	DEBOLE
BA_secondary	IGT	5.801	0.9727	0.9804	3	DEBOLE
TMA	IGT	0.998	0.9763	0.9804	3	DEBOLE
H2S_net	IGT	0.996	0.9804	0.9804	3	DEBOLE
ETU	ME/CFS	2.967	0.0013	0.0299	1	MECCANISMO
ENG	ME/CFS	1.588	0.1062	0.2872444444444444	1	DEBOLE
GABA	ME/CFS	1.509	0.1124	0.2872444444444444	1	DEBOLE
UREM_tyramine	ME/CFS	1.691	0.0677	0.2872444444444444	1	DEBOLE
PROT_stickland	ME/CFS	0.695	0.1076	0.2872444444444444	1	DEBOLE
H2S_net	ME/CFS	0.682	0.0985	0.2872444444444444	1	DEBOLE
RIBOFLAVIN	ME/CFS	0.649	0.0604	0.2872444444444444	1	DEBOLE
MUC	ME/CFS	1.449	0.1032	0.2872444444444444	1	DEBOLE
SACCHAROLYTIC	ME/CFS	1.587	0.0421	0.2872444444444444	1	MECCANISMO
BA_deconj	ME/CFS	1.305	0.2134	0.49082	1	DEBOLE
POLYAMINES	ME/CFS	0.756	0.3362	0.7029636363636363	1	DEBOLE
BA_secondary	ME/CFS	1.299	0.4219	0.7772230769230769	1	DEBOLE
UREM_pcresol	ME/CFS	1.202	0.4393	0.7772230769230769	1	DEBOLE
TRP_indole	ME/CFS	1.005	0.9811	0.9811	1	DEBOLE
HIS	ME/CFS	0.966	0.8684	0.9811	1	DEBOLE
PRP	ME/CFS	0.942	0.774	0.9811	1	DEBOLE
LACTATE	ME/CFS	0.988	0.9522	0.9811	1	DEBOLE
TMA	ME/CFS	1.115	0.685	0.9811	1	DEBOLE
SYN_B12	ME/CFS	0.966	0.8721	0.9811	1	DEBOLE
SYN_K2	ME/CFS	0.976	0.9057	0.9811	1	DEBOLE
FOLATE	ME/CFS	0.916	0.6712	0.9811	1	DEBOLE
LPS_hexaacyl	ME/CFS	0.894	0.6734	0.9811	1	DEBOLE
NAD	ME/CFS	0.96	0.8456	0.9811	1	DEBOLE
MUC	STH	0.335	0.0	0.0	1	MECCANISMO
POLYAMINES	STH	2.382	0.0004	0.0036666666666666	1	MECCANISMO
SYN_B12	STH	0.446	0.0005	0.0036666666666666	1	MECCANISMO
GABA	STH	0.414	0.0009	0.0049499999999999	1	MECCANISMO
BA_deconj	STH	0.518	0.0021	0.00924	1	MECCANISMO
LPS_hexaacyl	STH	1.849	0.008	0.0293333333333333	1	MECCANISMO
NAD	STH	0.642	0.022	0.0691428571428571	1	MECCANISMO
TMA	STH	1.724	0.0289	0.0743111111111111	1	MECCANISMO
ETU	STH	1.722	0.0304	0.0743111111111111	1	MECCANISMO
SYN_K2	STH	1.44	0.057	0.114	1	DEBOLE
SACCHAROLYTIC	STH	0.699	0.0543	0.114	1	DEBOLE
TRP_indole	STH	1.737	0.1063	0.1948833333333333	1	DEBOLE
LACTATE	STH	0.724	0.1283	0.2171230769230769	1	DEBOLE
HIS	STH	1.585	0.1438	0.2259714285714285	1	DEBOLE
ENG	STH	1.434	0.2235	0.3278	1	DEBOLE
PROT_stickland	STH	1.233	0.2391	0.3287625	1	DEBOLE
RIBOFLAVIN	STH	0.832	0.325	0.4205882352941177	1	DEBOLE
PRP	STH	0.862	0.4215	0.5151666666666667	1	DEBOLE
FOLATE	STH	0.91	0.6083	0.7043473684210526	1	DEBOLE
UREM_tyramine	STH	1.068	0.7051	0.77561	1	DEBOLE
H2S_net	STH	0.965	0.8523	0.8928857142857143	1	DEBOLE
UREM_pcresol	STH	1.034	0.8973	0.8973	1	DEBOLE
BA_secondary	STH				1	DEBOLE
ETU	T2D	1.331	0.0	0.0	5	FORTE
UREM_pcresol	T2D	1.297	0.0002	0.0023	5	FORTE
TMA	T2D	1.184	0.0093	0.0713	5	ASSOCIAZIONE
BA_secondary	T2D	1.399	0.0271	0.155825	4	DEBOLE
PRP	T2D	0.896	0.05	0.1916666666666666	5	DEBOLE
LPS_hexaacyl	T2D	1.191	0.0424	0.1916666666666666	5	DEBOLE
FOLATE	T2D	1.342	0.1462	0.4803714285714285	5	DEBOLE
POLYAMINES	T2D	1.177	0.3081	0.71369	5	DEBOLE
BA_deconj	T2D	1.225	0.3103	0.71369	5	DEBOLE
SACCHAROLYTIC	T2D	0.913	0.2548	0.71369	5	DEBOLE
PROT_stickland	T2D	1.052	0.3546	0.7414363636363637	5	DEBOLE
ENG	T2D	1.067	0.7037	0.9603176470588236	5	DEBOLE
GABA	T2D	0.907	0.672	0.9603176470588236	5	DEBOLE
TRP_indole	T2D	0.912	0.6349	0.9603176470588236	5	DEBOLE
UREM_tyramine	T2D	1.047	0.6867	0.9603176470588236	5	DEBOLE
RIBOFLAVIN	T2D	0.922	0.7098	0.9603176470588236	5	DEBOLE
MUC	T2D	1.056	0.7092	0.9603176470588236	5	DEBOLE
HIS	T2D	1.003	0.9617	0.9696	5	DEBOLE
LACTATE	T2D	1.068	0.7702	0.9696	5	DEBOLE
H2S_net	T2D	1.022	0.8494	0.9696	5	DEBOLE
SYN_B12	T2D	0.985	0.9217	0.9696	5	DEBOLE
SYN_K2	T2D	0.971	0.8081	0.9696	5	DEBOLE
NAD	T2D	1.009	0.9696	0.9696	5	DEBOLE
TRP_indole	UC	0.553	0.0001	0.00115	3	FORTE
SYN_B12	UC	0.579	0.0001	0.00115	3	FORTE
LPS_hexaacyl	UC	1.603	0.0007	0.0053666666666666	3	FORTE
TMA	UC	1.931	0.0012	0.0068999999999999	3	FORTE
MUC	UC	0.74	0.0049	0.0225399999999999	3	FORTE
GABA	UC	0.568	0.0116	0.0444666666666666	3	FORTE
ETU	UC	1.776	0.0152	0.0499428571428571	3	FORTE
NAD	UC	0.374	0.0421	0.1210374999999999	3	DEBOLE
POLYAMINES	UC	1.487	0.0693	0.1770999999999999	3	DEBOLE
BA_deconj	UC	0.817	0.1044	0.24012	3	DEBOLE
PROT_stickland	UC	1.176	0.1599	0.2829	3	DEBOLE
H2S_net	UC	0.87	0.1594	0.2829	3	DEBOLE
RIBOFLAVIN	UC	0.508	0.1369	0.2829	3	DEBOLE
SACCHAROLYTIC	UC	0.625	0.1956	0.3213428571428571	3	DEBOLE
UREM_pcresol	UC	1.207	0.2309	0.3540466666666667	3	DEBOLE
SYN_K2	UC	0.858	0.3153	0.45324375	3	DEBOLE
LACTATE	UC	0.904	0.3483	0.4712294117647059	3	DEBOLE
PRP	UC	0.689	0.4047	0.5171166666666667	3	DEBOLE
FOLATE	UC	0.754	0.4349	0.5264578947368421	3	DEBOLE
ENG	UC	1.607	0.4723	0.543145	3	DEBOLE
HIS	UC	1.061	0.7272	0.7962181818181818	3	DEBOLE
UREM_tyramine	UC	0.928	0.7616	0.7962181818181818	3	DEBOLE
BA_secondary	UC	0.984	0.9123	0.9123	3	DEBOLE
ENG	adenoma	1.24	0.0923	0.3032714285714285	5	DEBOLE
TRP_indole	adenoma	1.279	0.045	0.3032714285714285	5	DEBOLE
POLYAMINES	adenoma	1.255	0.0715	0.3032714285714285	5	DEBOLE
PRP	adenoma	1.196	0.0758	0.3032714285714285	5	DEBOLE
TMA	adenoma	1.234	0.0586	0.3032714285714285	5	DEBOLE
H2S_net	adenoma	1.231	0.0877	0.3032714285714285	5	DEBOLE
SYN_K2	adenoma	1.232	0.0563	0.3032714285714285	5	DEBOLE
BA_deconj	adenoma	0.87	0.1522	0.437575	5	DEBOLE
RIBOFLAVIN	adenoma	1.282	0.2136	0.49128	5	DEBOLE
LPS_hexaacyl	adenoma	1.179	0.2116	0.49128	5	DEBOLE
GABA	adenoma	1.111	0.3049	0.5009071428571429	5	DEBOLE
HIS	adenoma	1.118	0.2988	0.5009071428571429	4	DEBOLE
UREM_tyramine	adenoma	1.117	0.2437	0.5009071428571429	5	DEBOLE
FOLATE	adenoma	1.15	0.2915	0.5009071428571429	5	DEBOLE
LACTATE	adenoma	0.88	0.4786	0.7338533333333335	5	DEBOLE
ETU	adenoma	1.132	0.5133	0.73786875	5	DEBOLE
BA_secondary	adenoma	1.048	0.6503	0.7915631578947369	5	DEBOLE
SYN_B12	adenoma	1.062	0.6096	0.7915631578947369	5	DEBOLE
NAD	adenoma	0.932	0.6539	0.7915631578947369	5	DEBOLE
SACCHAROLYTIC	adenoma	1.043	0.689	0.7923499999999999	5	DEBOLE
MUC	adenoma	0.973	0.8314	0.9105809523809524	5	DEBOLE
PROT_stickland	adenoma	1.01	0.9188	0.9605636363636364	5	DEBOLE
UREM_pcresol	adenoma	0.998	0.9912	0.9912	5	DEBOLE
POLYAMINES	cirrhosis	2.167	0.0001	0.00115	2	ASSOCIAZIONE
LPS_hexaacyl	cirrhosis	5.081	0.0001	0.00115	2	ASSOCIAZIONE
TMA	cirrhosis	2.131	0.0003	0.0017249999999999	2	ASSOCIAZIONE
UREM_pcresol	cirrhosis	2.155	0.0003	0.0017249999999999	2	ASSOCIAZIONE
ETU	cirrhosis	1.802	0.0115	0.0528999999999999	2	ASSOCIAZIONE
NAD	cirrhosis	0.497	0.0265	0.1015833333333333	2	ASSOCIAZIONE
FOLATE	cirrhosis	1.93	0.0323	0.1061285714285714	2	ASSOCIAZIONE
BA_deconj	cirrhosis	0.713	0.0405	0.1164375	2	ASSOCIAZIONE
ENG	cirrhosis	1.489	0.0692	0.1768444444444444	2	DEBOLE
HIS	cirrhosis	1.713	0.0808	0.1858399999999999	2	DEBOLE
MUC	cirrhosis	1.566	0.1135	0.2373181818181818	2	DEBOLE
H2S_net	cirrhosis	0.838	0.2531	0.4389714285714285	2	DEBOLE
SYN_K2	cirrhosis	3.203	0.2672	0.4389714285714285	2	DEBOLE
RIBOFLAVIN	cirrhosis	1.534	0.2615	0.4389714285714285	2	DEBOLE
LACTATE	cirrhosis	1.132	0.4366	0.6694533333333333	2	DEBOLE
GABA	cirrhosis	1.476	0.551	0.72289	2	DEBOLE
TRP_indole	cirrhosis	1.795	0.5674	0.72289	2	DEBOLE
PRP	cirrhosis	1.076	0.6182	0.72289	2	DEBOLE
BA_secondary	cirrhosis	1.238	0.6104	0.72289	2	DEBOLE
UREM_tyramine	cirrhosis	0.739	0.6286	0.72289	2	DEBOLE
PROT_stickland	cirrhosis	0.96	0.7897	0.8649095238095238	2	DEBOLE
SACCHAROLYTIC	cirrhosis	0.943	0.9001	0.9410136363636364	2	DEBOLE
SYN_B12	cirrhosis	0.99	0.9487	0.9487	2	DEBOLE
SYN_B12	hypertension	0.589	0.0187	0.2254	1	MECCANISMO
NAD	hypertension	0.585	0.0196	0.2254	1	MECCANISMO
BA_deconj	hypertension	0.646	0.0373	0.2859666666666667	1	MECCANISMO
POLYAMINES	hypertension	1.559	0.0648	0.3726	1	DEBOLE
UREM_pcresol	hypertension	1.499	0.1029	0.47334	1	DEBOLE
TMA	hypertension	1.463	0.1252	0.4799333333333334	1	DEBOLE
ENG	hypertension	1.374	0.2305	0.7068666666666668	1	DEBOLE
GABA	hypertension	0.808	0.3065	0.7068666666666668	1	DEBOLE
PRP	hypertension	0.837	0.3688	0.7068666666666668	1	DEBOLE
H2S_net	hypertension	0.816	0.2989	0.7068666666666668	1	DEBOLE
MUC	hypertension	0.82	0.3293	0.7068666666666668	1	DEBOLE
LPS_hexaacyl	hypertension	1.276	0.3448	0.7068666666666668	1	DEBOLE
LACTATE	hypertension	0.856	0.4425	0.7269642857142857	1	DEBOLE
SACCHAROLYTIC	hypertension	0.854	0.4289	0.7269642857142857	1	DEBOLE
HIS	hypertension	1.151	0.5393	0.77524375	1	DEBOLE
PROT_stickland	hypertension	1.129	0.539	0.77524375	1	DEBOLE
ETU	hypertension	0.89	0.5972	0.8079764705882353	1	DEBOLE
SYN_K2	hypertension	0.948	0.7814	0.9984555555555554	1	DEBOLE
TRP_indole	hypertension	0.955	0.8253	0.9990473684210528	1	DEBOLE
BA_secondary	hypertension	0.723	1.0	1.0	1	DEBOLE
UREM_tyramine	hypertension	1.383	1.0	1.0	1	DEBOLE
RIBOFLAVIN	hypertension	0.992	0.9664	1.0	1	DEBOLE
FOLATE	hypertension	1.001	0.9941	1.0	1	DEBOLE
FOLATE	schizophrenia	1.747	0.0028	0.0644	1	MECCANISMO
GABA	schizophrenia	0.714	0.0637	0.3611	1	DEBOLE
RIBOFLAVIN	schizophrenia	0.678	0.0359	0.3611	1	MECCANISMO
LPS_hexaacyl	schizophrenia	0.669	0.0616	0.3611	1	DEBOLE
SACCHAROLYTIC	schizophrenia	1.383	0.0785	0.3611	1	DEBOLE
UREM_tyramine	schizophrenia	1.43	0.1271	0.4025	1	DEBOLE
PROT_stickland	schizophrenia	1.364	0.1163	0.4025	1	DEBOLE
SYN_K2	schizophrenia	0.76	0.14	0.4025	1	DEBOLE
PRP	schizophrenia	1.303	0.1628	0.4160444444444444	1	DEBOLE
POLYAMINES	schizophrenia	0.831	0.3396	0.6509	1	DEBOLE
SYN_B12	schizophrenia	0.83	0.325	0.6509	1	DEBOLE
MUC	schizophrenia	0.831	0.2861	0.6509	1	DEBOLE
LACTATE	schizophrenia	0.852	0.4236	0.7494461538461538	1	DEBOLE
TMA	schizophrenia	1.144	0.5597	0.8582066666666667	1	DEBOLE
NAD	schizophrenia	0.888	0.5273	0.8582066666666667	1	DEBOLE
TRP_indole	schizophrenia	0.911	0.6424	0.9022388888888888	1	DEBOLE
HIS	schizophrenia	0.931	0.6902	0.9022388888888888	1	DEBOLE
UREM_pcresol	schizophrenia	0.932	0.7061	0.9022388888888888	1	DEBOLE
ENG	schizophrenia	0.983	0.944	0.9861	1	DEBOLE
BA_deconj	schizophrenia	0.973	0.879	0.9861	1	DEBOLE
BA_secondary	schizophrenia	4.064	0.9861	0.9861	1	DEBOLE
H2S_net	schizophrenia	1.02	0.9221	0.9861	1	DEBOLE
ETU	schizophrenia	1.01	0.962	0.9861	1	DEBOLE
GLYCINE_cleavage	CRC	1.55	3.03e-07	2.12e-06	11	FORTE
GLYCINE_cleavage	IBD	0.85	0.1296	0.2244	4	DEBOLE
GLYCINE_cleavage	CD	1.15	0.1603	0.2244	4	DEBOLE
GLYCINE_cleavage	UC	0.67	0.000381	0.001334	4	ASSOCIAZIONE
GLYCINE_cleavage	T2D	0.9	0.4496	0.5245	6	DEBOLE
GLYCINE_cleavage	cirrhosis	0.78	0.6722	0.6722	2	DEBOLE
GLYCINE_cleavage	adenoma	1.3	0.01243	0.029	5	ASSOCIAZIONE
